-- insert de datos cuyo origen son tablas .xls--
/*INSERT INTO cliente (id_cliente, mes_ingreso) VALUES ('90001', '2023-01-31');
INSERT INTO cliente (id_cliente, mes_ingreso) VALUES ('90002', '2023-01-31');
INSERT INTO cliente (id_cliente, mes_ingreso) VALUES ('90003', '2023-01-31');
INSERT INTO cliente (id_cliente, mes_ingreso) VALUES ('90004', '2023-01-31');
INSERT INTO cliente (id_cliente, mes_ingreso) VALUES ('90005', '2023-01-31');
INSERT INTO cliente (id_cliente, mes_ingreso) VALUES ('90006', '2023-01-31');
INSERT INTO cliente (id_cliente, mes_ingreso) VALUES ('90007', '2023-01-31');
INSERT INTO cliente (id_cliente, mes_ingreso) VALUES ('90008', '2023-01-31');
INSERT INTO cliente (id_cliente, mes_ingreso) VALUES ('90009', '2023-01-31');
INSERT INTO cliente (id_cliente, mes_ingreso) VALUES ('90010', '2023-01-31');
INSERT INTO cliente (id_cliente, mes_ingreso) VALUES ('90011', '2023-01-31');
INSERT INTO cliente (id_cliente, mes_ingreso) VALUES ('90012', '2023-01-31');
INSERT INTO cliente (id_cliente, mes_ingreso) VALUES ('90013', '2023-01-31');
INSERT INTO cliente (id_cliente, mes_ingreso) VALUES ('90014', '2023-02-28');
INSERT INTO cliente (id_cliente, mes_ingreso) VALUES ('90015', '2023-02-28');
INSERT INTO cliente (id_cliente, mes_ingreso) VALUES ('90016', '2023-02-28');
INSERT INTO cliente (id_cliente, mes_ingreso) VALUES ('90017', '2023-02-28');
INSERT INTO cliente (id_cliente, mes_ingreso) VALUES ('90018', '2023-02-28');
INSERT INTO cliente (id_cliente, mes_ingreso) VALUES ('90019', '2023-02-28');
INSERT INTO cliente (id_cliente, mes_ingreso) VALUES ('90020', '2023-02-28');
INSERT INTO cliente (id_cliente, mes_ingreso) VALUES ('90021', '2023-02-28');
INSERT INTO cliente (id_cliente, mes_ingreso) VALUES ('90022', '2023-02-28');
INSERT INTO cliente (id_cliente, mes_ingreso) VALUES ('90023', '2023-02-28');
INSERT INTO cliente (id_cliente, mes_ingreso) VALUES ('90024', '2023-02-28');
INSERT INTO informacion (id_cuit, id_cliente, nombre, mes_ingreso) VALUES ('20012345678', '90001', 'Juan', '2023-01-31');
INSERT INTO informacion (id_cuit, id_cliente, nombre, mes_ingreso) VALUES ('20012345679', '90002', 'Pedro', '2023-01-31');
INSERT INTO informacion (id_cuit, id_cliente, nombre, mes_ingreso) VALUES ('20012345680', '90003', 'Augusto', '2023-01-31');
INSERT INTO informacion (id_cuit, id_cliente, nombre, mes_ingreso) VALUES ('20012345681', '90004', 'Andrea', '2023-01-31');
INSERT INTO informacion (id_cuit, id_cliente, nombre, mes_ingreso) VALUES ('20012345682', '90005', 'Sofia', '2023-01-31');
INSERT INTO informacion (id_cuit, id_cliente, nombre, mes_ingreso) VALUES ('20012345683', '90006', 'Marcos', '2023-01-31');
INSERT INTO informacion (id_cuit, id_cliente, nombre, mes_ingreso) VALUES ('20012345684', '90007', 'Pepe', '2023-01-31');
INSERT INTO informacion (id_cuit, id_cliente, nombre, mes_ingreso) VALUES ('20012345685', '90008', 'Maria', '2023-01-31');
INSERT INTO informacion (id_cuit, id_cliente, nombre, mes_ingreso) VALUES ('20012345686', '90009', 'Morena', '2023-01-31');
INSERT INTO informacion (id_cuit, id_cliente, nombre, mes_ingreso) VALUES ('20012345687', '90010', 'Malena', '2023-01-31');
INSERT INTO informacion (id_cuit, id_cliente, nombre, mes_ingreso) VALUES ('20012345688', '90011', 'Marcelo', '2023-01-31');
INSERT INTO informacion (id_cuit, id_cliente, nombre, mes_ingreso) VALUES ('20012345689', '90012', 'Claudio', '2023-01-31');
INSERT INTO informacion (id_cuit, id_cliente, nombre, mes_ingreso) VALUES ('20012345690', '90013', 'Lorena', '2023-01-31');
INSERT INTO informacion (id_cuit, id_cliente, nombre, mes_ingreso) VALUES ('20012345691', '90014', 'Sandro', '2023-02-28');
INSERT INTO informacion (id_cuit, id_cliente, nombre, mes_ingreso) VALUES ('20012345692', '90015', 'Melchor', '2023-02-28');
INSERT INTO informacion (id_cuit, id_cliente, nombre, mes_ingreso) VALUES ('20012345693', '90016', 'Fran', '2023-02-28');
INSERT INTO informacion (id_cuit, id_cliente, nombre, mes_ingreso) VALUES ('20012345694', '90017', 'Jose', '2023-02-28');
INSERT INTO informacion (id_cuit, id_cliente, nombre, mes_ingreso) VALUES ('20012345695', '90018', 'Sandra', '2023-02-28');
INSERT INTO informacion (id_cuit, id_cliente, nombre, mes_ingreso) VALUES ('20012345696', '90019', 'Piana', '2023-02-28');
INSERT INTO informacion (id_cuit, id_cliente, nombre, mes_ingreso) VALUES ('20012345697', '90020', 'Merlin', '2023-02-28');
INSERT INTO informacion (id_cuit, id_cliente, nombre, mes_ingreso) VALUES ('20012345698', '90021', 'Wendy', '2023-02-28');
INSERT INTO informacion (id_cuit, id_cliente, nombre, mes_ingreso) VALUES ('20012345699', '90022', 'Lola', '2023-02-28');
INSERT INTO informacion (id_cuit, id_cliente, nombre, mes_ingreso) VALUES ('20012345700', '90023', 'Rodolfo', '2023-02-28');
INSERT INTO informacion (id_cuit, id_cliente, nombre, mes_ingreso) VALUES ('20012345701', '90024', 'Jey', '2023-02-28');
INSERT INTO cambios (id_cuenta_C, id_cliente, total_cambios, sanciones_cambios, mes_cierre) VALUES ('CA000001', '90001', '3000', '0', '2023-01-31');
INSERT INTO cambios (id_cuenta_C, id_cliente, total_cambios, sanciones_cambios, mes_cierre) VALUES ('CA000002', '90002', '2000', '0', '2023-01-31');
INSERT INTO cambios (id_cuenta_C, id_cliente, total_cambios, sanciones_cambios, mes_cierre) VALUES ('CA000003', '90003', '1000', '0', '2023-01-31');
INSERT INTO cambios (id_cuenta_C, id_cliente, total_cambios, sanciones_cambios, mes_cierre) VALUES ('CA000004', '90007', '2000', '0', '2023-01-31');
INSERT INTO cambios (id_cuenta_C, id_cliente, total_cambios, sanciones_cambios, mes_cierre) VALUES ('CA000005', '90008', '22000', '1', '2023-01-31');
INSERT INTO cambios (id_cuenta_C, id_cliente, total_cambios, sanciones_cambios, mes_cierre) VALUES ('CA000006', '90009', '9000', '2', '2023-01-31');
INSERT INTO cambios (id_cuenta_C, id_cliente, total_cambios, sanciones_cambios, mes_cierre) VALUES ('CA000007', '90010', '18000', '0', '2023-01-31');
INSERT INTO cambios (id_cuenta_C, id_cliente, total_cambios, sanciones_cambios, mes_cierre) VALUES ('CA000008', '90011', '9000', '0', '2023-01-31');
INSERT INTO cambios (id_cuenta_C, id_cliente, total_cambios, sanciones_cambios, mes_cierre) VALUES ('CA000009', '90004', '8000', '0', '2023-02-28');
INSERT INTO cambios (id_cuenta_C, id_cliente, total_cambios, sanciones_cambios, mes_cierre) VALUES ('CA000010', '90005', '60000', '0', '2023-02-28');
INSERT INTO cambios (id_cuenta_C, id_cliente, total_cambios, sanciones_cambios, mes_cierre) VALUES ('CA000011', '90006', '24000', '2', '2023-02-28');
INSERT INTO cambios (id_cuenta_C, id_cliente, total_cambios, sanciones_cambios, mes_cierre) VALUES ('CA000012', '90011', '34000', '0', '2023-02-28');
INSERT INTO cambios (id_cuenta_C, id_cliente, total_cambios, sanciones_cambios, mes_cierre) VALUES ('CA000013', '90014', '16000', '0', '2023-02-28');
INSERT INTO cambios (id_cuenta_C, id_cliente, total_cambios, sanciones_cambios, mes_cierre) VALUES ('CA000014', '90015', '8000', '0', '2023-02-28');
INSERT INTO cambios (id_cuenta_C, id_cliente, total_cambios, sanciones_cambios, mes_cierre) VALUES ('CA000015', '90016', '38000', '1', '2023-02-28');
INSERT INTO cambios (id_cuenta_C, id_cliente, total_cambios, sanciones_cambios, mes_cierre) VALUES ('CA000016', '90017', '17000', '0', '2023-02-28');
INSERT INTO cambios (id_cuenta_C, id_cliente, total_cambios, sanciones_cambios, mes_cierre) VALUES ('CA000017', '90018', '68000', '0', '2023-02-28');
INSERT INTO cambios (id_cuenta_C, id_cliente, total_cambios, sanciones_cambios, mes_cierre) VALUES ('CA000018', '90019', '9000', '0', '2023-02-28');
INSERT INTO cambios (id_cuenta_C, id_cliente, total_cambios, sanciones_cambios, mes_cierre) VALUES ('CA000019', '90020', '40000', '0', '2023-02-28');
INSERT INTO cambios (id_cuenta_C, id_cliente, total_cambios, sanciones_cambios, mes_cierre) VALUES ('CA000020', '90021', '16000', '0', '2023-02-28');
INSERT INTO cambios (id_cuenta_C, id_cliente, total_cambios, sanciones_cambios, mes_cierre) VALUES ('CA000021', '90022', '36000', '1', '2023-02-28');
INSERT INTO cambios (id_cuenta_C, id_cliente, total_cambios, sanciones_cambios, mes_cierre) VALUES ('CA000022', '90023', '23000', '1', '2023-02-28');
INSERT INTO cambios (id_cuenta_C, id_cliente, total_cambios, sanciones_cambios, mes_cierre) VALUES ('CA000023', '90024', '88000', '1', '2023-02-28');
INSERT INTO comex (id_cuenta_Cx, id_cliente, total_comex, sanciones_comex, mes_cierre) VALUES ('CX000001', '90001', '5000', '0', '2023-01-31');
INSERT INTO comex (id_cuenta_Cx, id_cliente, total_comex, sanciones_comex, mes_cierre) VALUES ('CX000002', '90002', '3000', '0', '2023-01-31');
INSERT INTO comex (id_cuenta_Cx, id_cliente, total_comex, sanciones_comex, mes_cierre) VALUES ('CX000003', '90003', '4000', '0', '2023-01-31');
INSERT INTO comex (id_cuenta_Cx, id_cliente, total_comex, sanciones_comex, mes_cierre) VALUES ('CX000004', '90004', '10000', '2', '2023-01-31');
INSERT INTO comex (id_cuenta_Cx, id_cliente, total_comex, sanciones_comex, mes_cierre) VALUES ('CX000005', '90005', '15000', '0', '2023-01-31');
INSERT INTO comex (id_cuenta_Cx, id_cliente, total_comex, sanciones_comex, mes_cierre) VALUES ('CX000006', '90006', '10000', '0', '2023-01-31');
INSERT INTO comex (id_cuenta_Cx, id_cliente, total_comex, sanciones_comex, mes_cierre) VALUES ('CX000007', '90007', '2000', '0', '2023-01-31');
INSERT INTO comex (id_cuenta_Cx, id_cliente, total_comex, sanciones_comex, mes_cierre) VALUES ('CX000008', '90008', '8000', '4', '2023-01-31');
INSERT INTO comex (id_cuenta_Cx, id_cliente, total_comex, sanciones_comex, mes_cierre) VALUES ('CX000009', '90009', '7000', '0', '2023-01-31');
INSERT INTO comex (id_cuenta_Cx, id_cliente, total_comex, sanciones_comex, mes_cierre) VALUES ('CX000010', '90011', '9000', '0', '2023-01-31');
INSERT INTO comex (id_cuenta_Cx, id_cliente, total_comex, sanciones_comex, mes_cierre) VALUES ('CX000011', '90012', '6000', '1', '2023-01-31');
INSERT INTO comex (id_cuenta_Cx, id_cliente, total_comex, sanciones_comex, mes_cierre) VALUES ('CX000012', '90013', '5000', '0', '2023-01-31');
INSERT INTO comex (id_cuenta_Cx, id_cliente, total_comex, sanciones_comex, mes_cierre) VALUES ('CX000013', '90004', '15000', '0', '2023-02-28');
INSERT INTO comex (id_cuenta_Cx, id_cliente, total_comex, sanciones_comex, mes_cierre) VALUES ('CX000014', '90005', '7000', '0', '2023-02-28');
INSERT INTO comex (id_cuenta_Cx, id_cliente, total_comex, sanciones_comex, mes_cierre) VALUES ('CX000015', '90006', '13000', '1', '2023-02-28');
INSERT INTO comex (id_cuenta_Cx, id_cliente, total_comex, sanciones_comex, mes_cierre) VALUES ('CX000016', '90007', '12000', '0', '2023-02-28');
INSERT INTO comex (id_cuenta_Cx, id_cliente, total_comex, sanciones_comex, mes_cierre) VALUES ('CX000017', '90011', '10000', '0', '2023-02-28');
INSERT INTO comex (id_cuenta_Cx, id_cliente, total_comex, sanciones_comex, mes_cierre) VALUES ('CX000018', '90012', '17000', '1', '2023-02-28');
INSERT INTO comex (id_cuenta_Cx, id_cliente, total_comex, sanciones_comex, mes_cierre) VALUES ('CX000019', '90013', '24000', '1', '2023-02-28');
INSERT INTO comex (id_cuenta_Cx, id_cliente, total_comex, sanciones_comex, mes_cierre) VALUES ('CX000020', '90014', '12000', '0', '2023-02-28');
INSERT INTO comex (id_cuenta_Cx, id_cliente, total_comex, sanciones_comex, mes_cierre) VALUES ('CX000021', '90015', '19000', '0', '2023-02-28');
INSERT INTO comex (id_cuenta_Cx, id_cliente, total_comex, sanciones_comex, mes_cierre) VALUES ('CX000022', '90020', '23000', '0', '2023-02-28');
INSERT INTO comex (id_cuenta_Cx, id_cliente, total_comex, sanciones_comex, mes_cierre) VALUES ('CX000023', '90021', '10000', '0', '2023-02-28');
INSERT INTO comex (id_cuenta_Cx, id_cliente, total_comex, sanciones_comex, mes_cierre) VALUES ('CX000024', '90022', '8000', '1', '2023-02-28');
INSERT INTO comex (id_cuenta_Cx, id_cliente, total_comex, sanciones_comex, mes_cierre) VALUES ('CX000025', '90023', '9000', '0', '2023-02-28');
INSERT INTO comex (id_cuenta_Cx, id_cliente, total_comex, sanciones_comex, mes_cierre) VALUES ('CX000026', '90024', '15000', '0', '2023-02-28');
INSERT INTO pasivos (id_cuenta_P, id_cliente, total_pasivos, mes_cierre) VALUES ('P0000001', '90001', '20000', '2023-01-31');
INSERT INTO pasivos (id_cuenta_P, id_cliente, total_pasivos, mes_cierre) VALUES ('P0000002', '90002', '30000', '2023-01-31');
INSERT INTO pasivos (id_cuenta_P, id_cliente, total_pasivos, mes_cierre) VALUES ('P0000003', '90003', '50000', '2023-01-31');
INSERT INTO pasivos (id_cuenta_P, id_cliente, total_pasivos, mes_cierre) VALUES ('P0000004', '90008', '23000', '2023-01-31');
INSERT INTO pasivos (id_cuenta_P, id_cliente, total_pasivos, mes_cierre) VALUES ('P0000005', '90009', '22000', '2023-01-31');
INSERT INTO pasivos (id_cuenta_P, id_cliente, total_pasivos, mes_cierre) VALUES ('P0000006', '90012', '31000', '2023-01-31');
INSERT INTO pasivos (id_cuenta_P, id_cliente, total_pasivos, mes_cierre) VALUES ('P0000007', '90013', '23000', '2023-01-31');
INSERT INTO pasivos (id_cuenta_P, id_cliente, total_pasivos, mes_cierre) VALUES ('P0000008', '90001', '30000', '2023-02-28');
INSERT INTO pasivos (id_cuenta_P, id_cliente, total_pasivos, mes_cierre) VALUES ('P0000009', '90002', '40000', '2023-02-28');
INSERT INTO pasivos (id_cuenta_P, id_cliente, total_pasivos, mes_cierre) VALUES ('P0000010', '90003', '60000', '2023-02-28');
INSERT INTO pasivos (id_cuenta_P, id_cliente, total_pasivos, mes_cierre) VALUES ('P0000011', '90008', '33000', '2023-02-28');
INSERT INTO pasivos (id_cuenta_P, id_cliente, total_pasivos, mes_cierre) VALUES ('P0000012', '90009', '32000', '2023-02-28');
INSERT INTO pasivos (id_cuenta_P, id_cliente, total_pasivos, mes_cierre) VALUES ('P0000013', '90010', '46000', '2023-02-28');
INSERT INTO pasivos (id_cuenta_P, id_cliente, total_pasivos, mes_cierre) VALUES ('P0000014', '90011', '60000', '2023-02-28');
INSERT INTO pasivos (id_cuenta_P, id_cliente, total_pasivos, mes_cierre) VALUES ('P0000015', '90012', '20000', '2023-02-28');
INSERT INTO pasivos (id_cuenta_P, id_cliente, total_pasivos, mes_cierre) VALUES ('P0000016', '90013', '10000', '2023-02-28');
INSERT INTO pasivos (id_cuenta_P, id_cliente, total_pasivos, mes_cierre) VALUES ('P0000017', '90014', '39000', '2023-02-28');
INSERT INTO pasivos (id_cuenta_P, id_cliente, total_pasivos, mes_cierre) VALUES ('P0000018', '90015', '80000', '2023-02-28');
INSERT INTO pasivos (id_cuenta_P, id_cliente, total_pasivos, mes_cierre) VALUES ('P0000019', '90016', '39000', '2023-02-28');
INSERT INTO pasivos (id_cuenta_P, id_cliente, total_pasivos, mes_cierre) VALUES ('P0000020', '90021', '25000', '2023-02-28');
INSERT INTO pasivos (id_cuenta_P, id_cliente, total_pasivos, mes_cierre) VALUES ('P0000021', '90022', '45000', '2023-02-28');
INSERT INTO pasivos (id_cuenta_P, id_cliente, total_pasivos, mes_cierre) VALUES ('P0000022', '90023', '100000', '2023-02-28');
INSERT INTO pasivos (id_cuenta_P, id_cliente, total_pasivos, mes_cierre) VALUES ('P0000023', '90024', '55000', '2023-02-28');
INSERT INTO judiciales (id_PJN, id_cuit_PJN, id_cliente, cantidad_causas, mes_cierre) VALUES ('PJN00001', '20012345678', '90001', '0', '2023-01-31');
INSERT INTO judiciales (id_PJN, id_cuit_PJN, id_cliente, cantidad_causas, mes_cierre) VALUES ('PJN00002', '20012345679', '90002', '8', '2023-01-31');
INSERT INTO judiciales (id_PJN, id_cuit_PJN, id_cliente, cantidad_causas, mes_cierre) VALUES ('PJN00003', '20012345680', '90003', '0', '2023-01-31');
INSERT INTO judiciales (id_PJN, id_cuit_PJN, id_cliente, cantidad_causas, mes_cierre) VALUES ('PJN00004', '20012345681', '90004', '0', '2023-01-31');
INSERT INTO judiciales (id_PJN, id_cuit_PJN, id_cliente, cantidad_causas, mes_cierre) VALUES ('PJN00005', '20012345683', '90006', '0', '2023-01-31');
INSERT INTO judiciales (id_PJN, id_cuit_PJN, id_cliente, cantidad_causas, mes_cierre) VALUES ('PJN00006', '20012345684', '90007', '0', '2023-01-31');
INSERT INTO judiciales (id_PJN, id_cuit_PJN, id_cliente, cantidad_causas, mes_cierre) VALUES ('PJN00007', '20012345685', '90008', '3', '2023-01-31');
INSERT INTO judiciales (id_PJN, id_cuit_PJN, id_cliente, cantidad_causas, mes_cierre) VALUES ('PJN00008', '20012345686', '90009', '0', '2023-01-31');
INSERT INTO judiciales (id_PJN, id_cuit_PJN, id_cliente, cantidad_causas, mes_cierre) VALUES ('PJN00009', '20012345687', '90010', '4', '2023-01-31');
INSERT INTO judiciales (id_PJN, id_cuit_PJN, id_cliente, cantidad_causas, mes_cierre) VALUES ('PJN00010', '20012345688', '90011', '0', '2023-01-31');
INSERT INTO judiciales (id_PJN, id_cuit_PJN, id_cliente, cantidad_causas, mes_cierre) VALUES ('PJN00011', '20012345689', '90012', '2', '2023-01-31');
INSERT INTO judiciales (id_PJN, id_cuit_PJN, id_cliente, cantidad_causas, mes_cierre) VALUES ('PJN00012', '20012345690', '90013', '0', '2023-01-31');
INSERT INTO judiciales (id_PJN, id_cuit_PJN, id_cliente, cantidad_causas, mes_cierre) VALUES ('PJN00013', '20012345691', '90014', '0', '2023-02-28');
INSERT INTO judiciales (id_PJN, id_cuit_PJN, id_cliente, cantidad_causas, mes_cierre) VALUES ('PJN00014', '20012345692', '90015', '1', '2023-02-28');
INSERT INTO judiciales (id_PJN, id_cuit_PJN, id_cliente, cantidad_causas, mes_cierre) VALUES ('PJN00015', '20012345693', '90016', '0', '2023-02-28');
INSERT INTO judiciales (id_PJN, id_cuit_PJN, id_cliente, cantidad_causas, mes_cierre) VALUES ('PJN00016', '20012345694', '90017', '0', '2023-02-28');
INSERT INTO judiciales (id_PJN, id_cuit_PJN, id_cliente, cantidad_causas, mes_cierre) VALUES ('PJN00017', '20012345695', '90018', '1', '2023-02-28');
INSERT INTO judiciales (id_PJN, id_cuit_PJN, id_cliente, cantidad_causas, mes_cierre) VALUES ('PJN00018', '20012345696', '90019', '0', '2023-02-28');
INSERT INTO judiciales (id_PJN, id_cuit_PJN, id_cliente, cantidad_causas, mes_cierre) VALUES ('PJN00019', '20012345697', '90020', '1', '2023-02-28');
INSERT INTO judiciales (id_PJN, id_cuit_PJN, id_cliente, cantidad_causas, mes_cierre) VALUES ('PJN00020', '20012345698', '90021', '0', '2023-02-28');
INSERT INTO judiciales (id_PJN, id_cuit_PJN, id_cliente, cantidad_causas, mes_cierre) VALUES ('PJN00021', '20012345699', '90022', '1', '2023-02-28');
INSERT INTO judiciales (id_PJN, id_cuit_PJN, id_cliente, cantidad_causas, mes_cierre) VALUES ('PJN00022', '20012345700', '90023', '0', '2023-02-28');
INSERT INTO judiciales (id_PJN, id_cuit_PJN, id_cliente, cantidad_causas, mes_cierre) VALUES ('PJN00023', '20012345701', '90024', '0', '2023-02-28');
INSERT INTO judiciales (id_PJN, id_cuit_PJN, id_cliente, cantidad_causas, mes_cierre) VALUES ('PJN00024', '20012345678', '90001', '1', '2023-02-28');
INSERT INTO judiciales (id_PJN, id_cuit_PJN, id_cliente, cantidad_causas, mes_cierre) VALUES ('PJN00025', '20012345679', '90002', '0', '2023-02-28');
INSERT INTO judiciales (id_PJN, id_cuit_PJN, id_cliente, cantidad_causas, mes_cierre) VALUES ('PJN00026', '20012345680', '90003', '3', '2023-02-28');
INSERT INTO judiciales (id_PJN, id_cuit_PJN, id_cliente, cantidad_causas, mes_cierre) VALUES ('PJN00027', '20012345681', '90004', '0', '2023-02-28');
INSERT INTO judiciales (id_PJN, id_cuit_PJN, id_cliente, cantidad_causas, mes_cierre) VALUES ('PJN00028', '20012345682', '90005', '0', '2023-02-28');
INSERT INTO judiciales (id_PJN, id_cuit_PJN, id_cliente, cantidad_causas, mes_cierre) VALUES ('PJN00029', '20012345684', '90007', '0', '2023-02-28');
INSERT INTO judiciales (id_PJN, id_cuit_PJN, id_cliente, cantidad_causas, mes_cierre) VALUES ('PJN00030', '20012345685', '90008', '8', '2023-02-28');
INSERT INTO judiciales (id_PJN, id_cuit_PJN, id_cliente, cantidad_causas, mes_cierre) VALUES ('PJN00031', '20012345686', '90009', '1', '2023-02-28');
INSERT INTO judiciales (id_PJN, id_cuit_PJN, id_cliente, cantidad_causas, mes_cierre) VALUES ('PJN00032', '20012345687', '90010', '0', '2023-02-28');
INSERT INTO judiciales (id_PJN, id_cuit_PJN, id_cliente, cantidad_causas, mes_cierre) VALUES ('PJN00033', '20012345688', '90011', '0', '2023-02-28');
INSERT INTO judiciales (id_PJN, id_cuit_PJN, id_cliente, cantidad_causas, mes_cierre) VALUES ('PJN00034', '20012345689', '90012', '5', '2023-02-28');
INSERT INTO judiciales (id_PJN, id_cuit_PJN, id_cliente, cantidad_causas, mes_cierre) VALUES ('PJN00035', '20012345690', '90013', '0', '2023-02-28');
INSERT INTO pn (id_PN, id_cuit_PN, id_cliente, total_PN, mes_cierre) VALUES ('PN000001', '20012345678', '90001', '10000', '2023-01-31');
INSERT INTO pn (id_PN, id_cuit_PN, id_cliente, total_PN, mes_cierre) VALUES ('PN000002', '20012345679', '90002', '20000', '2023-01-31');
INSERT INTO pn (id_PN, id_cuit_PN, id_cliente, total_PN, mes_cierre) VALUES ('PN000003', '20012345680', '90003', '-2000', '2023-01-31');
INSERT INTO pn (id_PN, id_cuit_PN, id_cliente, total_PN, mes_cierre) VALUES ('PN000004', '20012345681', '90004', '15000', '2023-01-31');
INSERT INTO pn (id_PN, id_cuit_PN, id_cliente, total_PN, mes_cierre) VALUES ('PN000005', '20012345683', '90006', '33000', '2023-01-31');
INSERT INTO pn (id_PN, id_cuit_PN, id_cliente, total_PN, mes_cierre) VALUES ('PN000006', '20012345684', '90007', '11000', '2023-01-31');
INSERT INTO pn (id_PN, id_cuit_PN, id_cliente, total_PN, mes_cierre) VALUES ('PN000007', '20012345685', '90008', '25000', '2023-01-31');
INSERT INTO pn (id_PN, id_cuit_PN, id_cliente, total_PN, mes_cierre) VALUES ('PN000008', '20012345686', '90009', '4000', '2023-01-31');
INSERT INTO pn (id_PN, id_cuit_PN, id_cliente, total_PN, mes_cierre) VALUES ('PN000009', '20012345687', '90010', '13000', '2023-01-31');
INSERT INTO pn (id_PN, id_cuit_PN, id_cliente, total_PN, mes_cierre) VALUES ('PN000010', '20012345688', '90011', '34000', '2023-01-31');
INSERT INTO pn (id_PN, id_cuit_PN, id_cliente, total_PN, mes_cierre) VALUES ('PN000011', '20012345691', '90014', '12000', '2023-02-28');
INSERT INTO pn (id_PN, id_cuit_PN, id_cliente, total_PN, mes_cierre) VALUES ('PN000012', '20012345692', '90015', '30000', '2023-02-28');
INSERT INTO pn (id_PN, id_cuit_PN, id_cliente, total_PN, mes_cierre) VALUES ('PN000013', '20012345693', '90016', '10000', '2023-02-28');
INSERT INTO pn (id_PN, id_cuit_PN, id_cliente, total_PN, mes_cierre) VALUES ('PN000014', '20012345694', '90017', '11000', '2023-02-28');
INSERT INTO pn (id_PN, id_cuit_PN, id_cliente, total_PN, mes_cierre) VALUES ('PN000015', '20012345695', '90018', '35000', '2023-02-28');
INSERT INTO pn (id_PN, id_cuit_PN, id_cliente, total_PN, mes_cierre) VALUES ('PN000016', '20012345696', '90019', '13000', '2023-02-28');
INSERT INTO pn (id_PN, id_cuit_PN, id_cliente, total_PN, mes_cierre) VALUES ('PN000017', '20012345697', '90020', '35000', '2023-02-28');
INSERT INTO pn (id_PN, id_cuit_PN, id_cliente, total_PN, mes_cierre) VALUES ('PN000018', '20012345698', '90021', '16000', '2023-02-28');
INSERT INTO pn (id_PN, id_cuit_PN, id_cliente, total_PN, mes_cierre) VALUES ('PN000019', '20012345699', '90022', '9000', '2023-02-28');
INSERT INTO pn (id_PN, id_cuit_PN, id_cliente, total_PN, mes_cierre) VALUES ('PN000020', '20012345700', '90023', '36000', '2023-02-28');
INSERT INTO pn (id_PN, id_cuit_PN, id_cliente, total_PN, mes_cierre) VALUES ('PN000021', '20012345701', '90024', '14000', '2023-02-28');
INSERT INTO pn (id_PN, id_cuit_PN, id_cliente, total_PN, mes_cierre) VALUES ('PN000022', '20012345678', '90001', '45000', '2023-02-28');
INSERT INTO pn (id_PN, id_cuit_PN, id_cliente, total_PN, mes_cierre) VALUES ('PN000023', '20012345680', '90003', '28000', '2023-02-28');
INSERT INTO pn (id_PN, id_cuit_PN, id_cliente, total_PN, mes_cierre) VALUES ('PN000024', '20012345681', '90004', '5000', '2023-02-28');
INSERT INTO pn (id_PN, id_cuit_PN, id_cliente, total_PN, mes_cierre) VALUES ('PN000025', '20012345682', '90005', '38000', '2023-02-28');
INSERT INTO pn (id_PN, id_cuit_PN, id_cliente, total_PN, mes_cierre) VALUES ('PN000026', '20012345684', '90007', '16000', '2023-02-28');
INSERT INTO pn (id_PN, id_cuit_PN, id_cliente, total_PN, mes_cierre) VALUES ('PN000027', '20012345685', '90008', '50000', '2023-02-28');
INSERT INTO pn (id_PN, id_cuit_PN, id_cliente, total_PN, mes_cierre) VALUES ('PN000028', '20012345686', '90009', '34000', '2023-02-28');
INSERT INTO pn (id_PN, id_cuit_PN, id_cliente, total_PN, mes_cierre) VALUES ('PN000029', '20012345687', '90010', '3000', '2023-02-28');
INSERT INTO pn (id_PN, id_cuit_PN, id_cliente, total_PN, mes_cierre) VALUES ('PN000030', '20012345688', '90011', '39000', '2023-02-28');
INSERT INTO pn (id_PN, id_cuit_PN, id_cliente, total_PN, mes_cierre) VALUES ('PN000031', '20012345689', '90012', '17000', '2023-02-28');
INSERT INTO pn (id_PN, id_cuit_PN, id_cliente, total_PN, mes_cierre) VALUES ('PN000032', '20012345690', '90013', '55000', '2023-02-28');
INSERT INTO lavado (id_cuenta_L, id_cliente, reporte_lavado, mes_cierre) VALUES ('L0000001', '90003', '0', '2023-01-31');
INSERT INTO lavado (id_cuenta_L, id_cliente, reporte_lavado, mes_cierre) VALUES ('L0000002', '90004', '0', '2023-01-31');
INSERT INTO lavado (id_cuenta_L, id_cliente, reporte_lavado, mes_cierre) VALUES ('L0000003', '90005', '0', '2023-01-31');
INSERT INTO lavado (id_cuenta_L, id_cliente, reporte_lavado, mes_cierre) VALUES ('L0000004', '90006', '0', '2023-01-31');
INSERT INTO lavado (id_cuenta_L, id_cliente, reporte_lavado, mes_cierre) VALUES ('L0000005', '90007', '0', '2023-01-31');
INSERT INTO lavado (id_cuenta_L, id_cliente, reporte_lavado, mes_cierre) VALUES ('L0000006', '90008', '1', '2023-01-31');
INSERT INTO lavado (id_cuenta_L, id_cliente, reporte_lavado, mes_cierre) VALUES ('L0000007', '90009', '0', '2023-01-31');
INSERT INTO lavado (id_cuenta_L, id_cliente, reporte_lavado, mes_cierre) VALUES ('L0000008', '90010', '0', '2023-01-31');
INSERT INTO lavado (id_cuenta_L, id_cliente, reporte_lavado, mes_cierre) VALUES ('L0000009', '90011', '0', '2023-01-31');
INSERT INTO lavado (id_cuenta_L, id_cliente, reporte_lavado, mes_cierre) VALUES ('L0000010', '90012', '0', '2023-01-31');
INSERT INTO lavado (id_cuenta_L, id_cliente, reporte_lavado, mes_cierre) VALUES ('L0000011', '90013', '0', '2023-01-31');
INSERT INTO lavado (id_cuenta_L, id_cliente, reporte_lavado, mes_cierre) VALUES ('L0000012', '90014', '0', '2023-02-28');
INSERT INTO lavado (id_cuenta_L, id_cliente, reporte_lavado, mes_cierre) VALUES ('L0000013', '90017', '0', '2023-02-28');
INSERT INTO lavado (id_cuenta_L, id_cliente, reporte_lavado, mes_cierre) VALUES ('L0000014', '90018', '0', '2023-02-28');
INSERT INTO lavado (id_cuenta_L, id_cliente, reporte_lavado, mes_cierre) VALUES ('L0000015', '90019', '0', '2023-02-28');
INSERT INTO lavado (id_cuenta_L, id_cliente, reporte_lavado, mes_cierre) VALUES ('L0000016', '90020', '0', '2023-02-28');
INSERT INTO lavado (id_cuenta_L, id_cliente, reporte_lavado, mes_cierre) VALUES ('L0000017', '90021', '2', '2023-02-28');
INSERT INTO lavado (id_cuenta_L, id_cliente, reporte_lavado, mes_cierre) VALUES ('L0000018', '90022', '0', '2023-02-28');
INSERT INTO lavado (id_cuenta_L, id_cliente, reporte_lavado, mes_cierre) VALUES ('L0000019', '90023', '0', '2023-02-28');
INSERT INTO lavado (id_cuenta_L, id_cliente, reporte_lavado, mes_cierre) VALUES ('L0000020', '90024', '0', '2023-02-28');
INSERT INTO lavado (id_cuenta_L, id_cliente, reporte_lavado, mes_cierre) VALUES ('L0000027', '90001', '0', '2023-02-28');
INSERT INTO lavado (id_cuenta_L, id_cliente, reporte_lavado, mes_cierre) VALUES ('L0000028', '90002', '0', '2023-02-28');
INSERT INTO lavado (id_cuenta_L, id_cliente, reporte_lavado, mes_cierre) VALUES ('L0000029', '90003', '3', '2023-02-28');
INSERT INTO lavado (id_cuenta_L, id_cliente, reporte_lavado, mes_cierre) VALUES ('L0000030', '90004', '0', '2023-02-28');
INSERT INTO lavado (id_cuenta_L, id_cliente, reporte_lavado, mes_cierre) VALUES ('L0000031', '90005', '1', '2023-02-28');
INSERT INTO lavado (id_cuenta_L, id_cliente, reporte_lavado, mes_cierre) VALUES ('L0000032', '90006', '0', '2023-02-28');
INSERT INTO lavado (id_cuenta_L, id_cliente, reporte_lavado, mes_cierre) VALUES ('L0000033', '90007', '0', '2023-02-28');
INSERT INTO lavado (id_cuenta_L, id_cliente, reporte_lavado, mes_cierre) VALUES ('L0000034', '90008', '1', '2023-02-28');
INSERT INTO lavado (id_cuenta_L, id_cliente, reporte_lavado, mes_cierre) VALUES ('L0000035', '90009', '2', '2023-02-28');
INSERT INTO lavado (id_cuenta_L, id_cliente, reporte_lavado, mes_cierre) VALUES ('L0000036', '90011', '0', '2023-02-28');
INSERT INTO lavado (id_cuenta_L, id_cliente, reporte_lavado, mes_cierre) VALUES ('L0000037', '90012', '4', '2023-02-28');
INSERT INTO lavado (id_cuenta_L, id_cliente, reporte_lavado, mes_cierre) VALUES ('L0000038', '90013', '0', '2023-02-28');
INSERT INTO activos (id_cuenta_A, id_cliente, mes_ingreso) VALUES ('A0000001', '90001', '2023-01-31');
INSERT INTO activos (id_cuenta_A, id_cliente, mes_ingreso) VALUES ('A0000002', '90004', '2023-01-31');
INSERT INTO activos (id_cuenta_A, id_cliente, mes_ingreso) VALUES ('A0000003', '90005', '2023-01-31');
INSERT INTO activos (id_cuenta_A, id_cliente, mes_ingreso) VALUES ('A0000004', '90006', '2023-01-31');
INSERT INTO activos (id_cuenta_A, id_cliente, mes_ingreso) VALUES ('A0000005', '90007', '2023-01-31');
INSERT INTO activos (id_cuenta_A, id_cliente, mes_ingreso) VALUES ('A0000006', '90008', '2023-01-31');
INSERT INTO activos (id_cuenta_A, id_cliente, mes_ingreso) VALUES ('A0000007', '90009', '2023-01-31');
INSERT INTO activos (id_cuenta_A, id_cliente, mes_ingreso) VALUES ('A0000008', '90010', '2023-01-31');
INSERT INTO activos (id_cuenta_A, id_cliente, mes_ingreso) VALUES ('A0000009', '90011', '2023-01-31');
INSERT INTO activos (id_cuenta_A, id_cliente, mes_ingreso) VALUES ('A0000010', '90012', '2023-01-31');
INSERT INTO activos (id_cuenta_A, id_cliente, mes_ingreso) VALUES ('A0000011', '90013', '2023-01-31');
INSERT INTO activos (id_cuenta_A, id_cliente, mes_ingreso) VALUES ('A0000012', '90014', '2023-02-28');
INSERT INTO activos (id_cuenta_A, id_cliente, mes_ingreso) VALUES ('A0000013', '90015', '2023-02-28');
INSERT INTO activos (id_cuenta_A, id_cliente, mes_ingreso) VALUES ('A0000014', '90016', '2023-02-28');
INSERT INTO activos (id_cuenta_A, id_cliente, mes_ingreso) VALUES ('A0000015', '90017', '2023-02-28');
INSERT INTO activos (id_cuenta_A, id_cliente, mes_ingreso) VALUES ('A0000016', '90018', '2023-02-28');
INSERT INTO activos (id_cuenta_A, id_cliente, mes_ingreso) VALUES ('A0000017', '90019', '2023-02-28');
INSERT INTO activos (id_cuenta_A, id_cliente, mes_ingreso) VALUES ('A0000018', '90020', '2023-02-28');
INSERT INTO activos (id_cuenta_A, id_cliente, mes_ingreso) VALUES ('A0000019', '90023', '2023-02-28');
INSERT INTO activos (id_cuenta_A, id_cliente, mes_ingreso) VALUES ('A0000020', '90024', '2023-02-28');
INSERT INTO p_adelantos (id_adelantos, id_cuenta_A, total_adelantos, atraso_adelantos, mes_cierre) VALUES ('AAD00001', 'A0000001', '1000', '0', '2023-01-31');
INSERT INTO p_adelantos (id_adelantos, id_cuenta_A, total_adelantos, atraso_adelantos, mes_cierre) VALUES ('AAD00002', 'A0000005', '3000', '90', '2023-01-31');
INSERT INTO p_adelantos (id_adelantos, id_cuenta_A, total_adelantos, atraso_adelantos, mes_cierre) VALUES ('AAD00003', 'A0000009', '7000', '20', '2023-01-31');
INSERT INTO p_adelantos (id_adelantos, id_cuenta_A, total_adelantos, atraso_adelantos, mes_cierre) VALUES ('AAD00004', 'A0000010', '8000', '0', '2023-01-31');
INSERT INTO p_adelantos (id_adelantos, id_cuenta_A, total_adelantos, atraso_adelantos, mes_cierre) VALUES ('AAD00005', 'A0000011', '9000', '0', '2023-01-31');
INSERT INTO p_adelantos (id_adelantos, id_cuenta_A, total_adelantos, atraso_adelantos, mes_cierre) VALUES ('AAD00006', 'A0000012', '10000', '10', '2023-01-31');
INSERT INTO p_adelantos (id_adelantos, id_cuenta_A, total_adelantos, atraso_adelantos, mes_cierre) VALUES ('AAD00007', 'A0000020', '18000', '0', '2023-02-28');
INSERT INTO p_adelantos (id_adelantos, id_cuenta_A, total_adelantos, atraso_adelantos, mes_cierre) VALUES ('AAD00010', 'A0000004', '21000', '30', '2023-02-28');
INSERT INTO p_adelantos (id_adelantos, id_cuenta_A, total_adelantos, atraso_adelantos, mes_cierre) VALUES ('AAD00011', 'A0000005', '3000', '90', '2023-02-28');
INSERT INTO p_adelantos (id_adelantos, id_cuenta_A, total_adelantos, atraso_adelantos, mes_cierre) VALUES ('AAD00012', 'A0000006', '23000', '0', '2023-02-28');
INSERT INTO p_adelantos (id_adelantos, id_cuenta_A, total_adelantos, atraso_adelantos, mes_cierre) VALUES ('AAD00013', 'A0000007', '24000', '0', '2023-02-28');
INSERT INTO p_adelantos (id_adelantos, id_cuenta_A, total_adelantos, atraso_adelantos, mes_cierre) VALUES ('AAD00014', 'A0000008', '25000', '0', '2023-02-28');
INSERT INTO p_hipotecarios (id_hipotecarios, id_cuenta_A, total_hipotecarios, atraso_hipotecarios, mes_cierre) VALUES ('AHI00001', 'A0000001', '200000', '0', '2023-01-31');
INSERT INTO p_hipotecarios (id_hipotecarios, id_cuenta_A, total_hipotecarios, atraso_hipotecarios, mes_cierre) VALUES ('AHI00002', 'A0000004', '300000', '30', '2023-01-31');
INSERT INTO p_hipotecarios (id_hipotecarios, id_cuenta_A, total_hipotecarios, atraso_hipotecarios, mes_cierre) VALUES ('AHI00003', 'A0000005', '400000', '90', '2023-01-31');
INSERT INTO p_hipotecarios (id_hipotecarios, id_cuenta_A, total_hipotecarios, atraso_hipotecarios, mes_cierre) VALUES ('AHI00004', 'A0000006', '500000', '0', '2023-01-31');
INSERT INTO p_hipotecarios (id_hipotecarios, id_cuenta_A, total_hipotecarios, atraso_hipotecarios, mes_cierre) VALUES ('AHI00005', 'A0000007', '600000', '175', '2023-01-31');
INSERT INTO p_hipotecarios (id_hipotecarios, id_cuenta_A, total_hipotecarios, atraso_hipotecarios, mes_cierre) VALUES ('AHI00006', 'A0000008', '700000', '0', '2023-01-31');
INSERT INTO p_hipotecarios (id_hipotecarios, id_cuenta_A, total_hipotecarios, atraso_hipotecarios, mes_cierre) VALUES ('AHI00007', 'A0000009', '800000', '20', '2023-01-31');
INSERT INTO p_hipotecarios (id_hipotecarios, id_cuenta_A, total_hipotecarios, atraso_hipotecarios, mes_cierre) VALUES ('AHI00008', 'A0000014', '1300000', '0', '2023-02-28');
INSERT INTO p_hipotecarios (id_hipotecarios, id_cuenta_A, total_hipotecarios, atraso_hipotecarios, mes_cierre) VALUES ('AHI00009', 'A0000019', '1800000', '45', '2023-02-28');
INSERT INTO p_hipotecarios (id_hipotecarios, id_cuenta_A, total_hipotecarios, atraso_hipotecarios, mes_cierre) VALUES ('AHI00010', 'A0000020', '1900000', '0', '2023-02-28');
INSERT INTO p_hipotecarios (id_hipotecarios, id_cuenta_A, total_hipotecarios, atraso_hipotecarios, mes_cierre) VALUES ('AHI00013', 'A0000001', '10000', '0', '2023-02-28');
INSERT INTO p_hipotecarios (id_hipotecarios, id_cuenta_A, total_hipotecarios, atraso_hipotecarios, mes_cierre) VALUES ('AHI00014', 'A0000004', '300000', '60', '2023-02-28');
INSERT INTO p_hipotecarios (id_hipotecarios, id_cuenta_A, total_hipotecarios, atraso_hipotecarios, mes_cierre) VALUES ('AHI00015', 'A0000005', '400000', '120', '2023-02-28');
INSERT INTO p_hipotecarios (id_hipotecarios, id_cuenta_A, total_hipotecarios, atraso_hipotecarios, mes_cierre) VALUES ('AHI00016', 'A0000006', '400000', '0', '2023-02-28');
INSERT INTO p_hipotecarios (id_hipotecarios, id_cuenta_A, total_hipotecarios, atraso_hipotecarios, mes_cierre) VALUES ('AHI00017', 'A0000008', '600000', '0', '2023-02-28');
INSERT INTO p_hipotecarios (id_hipotecarios, id_cuenta_A, total_hipotecarios, atraso_hipotecarios, mes_cierre) VALUES ('AHI00018', 'A0000009', '500000', '0', '2023-02-28');
INSERT INTO p_prendarios (id_prendarios, id_cuenta_A, total_prendarios, atraso_prendarios, mes_cierre) VALUES ('APR00001', 'A0000001', '1000', '0', '2023-01-31');
INSERT INTO p_prendarios (id_prendarios, id_cuenta_A, total_prendarios, atraso_prendarios, mes_cierre) VALUES ('APR00002', 'A0000004', '2000', '30', '2023-01-31');
INSERT INTO p_prendarios (id_prendarios, id_cuenta_A, total_prendarios, atraso_prendarios, mes_cierre) VALUES ('APR00003', 'A0000005', '3000', '90', '2023-01-31');
INSERT INTO p_prendarios (id_prendarios, id_cuenta_A, total_prendarios, atraso_prendarios, mes_cierre) VALUES ('APR00004', 'A0000007', '5000', '175', '2023-01-31');
INSERT INTO p_prendarios (id_prendarios, id_cuenta_A, total_prendarios, atraso_prendarios, mes_cierre) VALUES ('APR00005', 'A0000008', '6000', '0', '2023-01-31');
INSERT INTO p_prendarios (id_prendarios, id_cuenta_A, total_prendarios, atraso_prendarios, mes_cierre) VALUES ('APR00006', 'A0000010', '8000', '0', '2023-01-31');
INSERT INTO p_prendarios (id_prendarios, id_cuenta_A, total_prendarios, atraso_prendarios, mes_cierre) VALUES ('APR00007', 'A0000012', '10000', '10', '2023-01-31');
INSERT INTO p_prendarios (id_prendarios, id_cuenta_A, total_prendarios, atraso_prendarios, mes_cierre) VALUES ('APR00008', 'A0000013', '11000', '0', '2023-01-31');
INSERT INTO p_prendarios (id_prendarios, id_cuenta_A, total_prendarios, atraso_prendarios, mes_cierre) VALUES ('APR00009', 'A0000014', '12000', '0', '2023-02-28');
INSERT INTO p_prendarios (id_prendarios, id_cuenta_A, total_prendarios, atraso_prendarios, mes_cierre) VALUES ('APR00010', 'A0000015', '13000', '200', '2023-02-28');
INSERT INTO p_prendarios (id_prendarios, id_cuenta_A, total_prendarios, atraso_prendarios, mes_cierre) VALUES ('APR00011', 'A0000016', '14000', '300', '2023-02-28');
INSERT INTO p_prendarios (id_prendarios, id_cuenta_A, total_prendarios, atraso_prendarios, mes_cierre) VALUES ('APR00012', 'A0000017', '15000', '0', '2023-02-28');
INSERT INTO p_prendarios (id_prendarios, id_cuenta_A, total_prendarios, atraso_prendarios, mes_cierre) VALUES ('APR00013', 'A0000004', '2000', '30', '2023-02-28');
INSERT INTO p_prendarios (id_prendarios, id_cuenta_A, total_prendarios, atraso_prendarios, mes_cierre) VALUES ('APR00014', 'A0000005', '4000', '120', '2023-02-28');
INSERT INTO p_prendarios (id_prendarios, id_cuenta_A, total_prendarios, atraso_prendarios, mes_cierre) VALUES ('APR00015', 'A0000006', '15000', '0', '2023-02-28');
INSERT INTO p_prendarios (id_prendarios, id_cuenta_A, total_prendarios, atraso_prendarios, mes_cierre) VALUES ('APR00016', 'A0000007', '6000', '205', '2023-02-28');
INSERT INTO p_personales (id_personales, id_cuenta_A, total_personales, atraso_personales, mes_cierre) VALUES ('APE00001', 'A0000001', '800', '0', '2023-01-31');
INSERT INTO p_personales (id_personales, id_cuenta_A, total_personales, atraso_personales, mes_cierre) VALUES ('APE00002', 'A0000004', '900', '30', '2023-01-31');
INSERT INTO p_personales (id_personales, id_cuenta_A, total_personales, atraso_personales, mes_cierre) VALUES ('APE00003', 'A0000005', '1000', '90', '2023-01-31');
INSERT INTO p_personales (id_personales, id_cuenta_A, total_personales, atraso_personales, mes_cierre) VALUES ('APE00004', 'A0000006', '1100', '0', '2023-01-31');
INSERT INTO p_personales (id_personales, id_cuenta_A, total_personales, atraso_personales, mes_cierre) VALUES ('APE00005', 'A0000007', '1200', '175', '2023-01-31');
INSERT INTO p_personales (id_personales, id_cuenta_A, total_personales, atraso_personales, mes_cierre) VALUES ('APE00006', 'A0000008', '1300', '0', '2023-01-31');
INSERT INTO p_personales (id_personales, id_cuenta_A, total_personales, atraso_personales, mes_cierre) VALUES ('APE00007', 'A0000009', '1400', '20', '2023-01-31');
INSERT INTO p_personales (id_personales, id_cuenta_A, total_personales, atraso_personales, mes_cierre) VALUES ('APE00008', 'A0000010', '1500', '0', '2023-01-31');
INSERT INTO p_personales (id_personales, id_cuenta_A, total_personales, atraso_personales, mes_cierre) VALUES ('APE00009', 'A0000011', '1600', '0', '2023-01-31');
INSERT INTO p_personales (id_personales, id_cuenta_A, total_personales, atraso_personales, mes_cierre) VALUES ('APE00010', 'A0000012', '1700', '10', '2023-01-31');
INSERT INTO p_personales (id_personales, id_cuenta_A, total_personales, atraso_personales, mes_cierre) VALUES ('APE00011', 'A0000013', '1800', '0', '2023-01-31');
INSERT INTO p_personales (id_personales, id_cuenta_A, total_personales, atraso_personales, mes_cierre) VALUES ('APE00012', 'A0000014', '1900', '0', '2023-02-28');
INSERT INTO p_personales (id_personales, id_cuenta_A, total_personales, atraso_personales, mes_cierre) VALUES ('APE00013', 'A0000016', '2100', '300', '2023-02-28');
INSERT INTO p_personales (id_personales, id_cuenta_A, total_personales, atraso_personales, mes_cierre) VALUES ('APE00014', 'A0000018', '2300', '0', '2023-02-28');
INSERT INTO p_personales (id_personales, id_cuenta_A, total_personales, atraso_personales, mes_cierre) VALUES ('APE00015', 'A0000020', '2500', '0', '2023-02-28');
INSERT INTO p_personales (id_personales, id_cuenta_A, total_personales, atraso_personales, mes_cierre) VALUES ('APE00017', 'A0000001', '2800', '0', '2023-02-28');
INSERT INTO p_personales (id_personales, id_cuenta_A, total_personales, atraso_personales, mes_cierre) VALUES ('APE00018', 'A0000004', '1100', '60', '2023-02-28');
INSERT INTO p_personales (id_personales, id_cuenta_A, total_personales, atraso_personales, mes_cierre) VALUES ('APE00019', 'A0000007', '3200', '205', '2023-02-28');
INSERT INTO p_personales (id_personales, id_cuenta_A, total_personales, atraso_personales, mes_cierre) VALUES ('APE00020', 'A0000008', '3300', '0', '2023-02-28');
INSERT INTO p_personales (id_personales, id_cuenta_A, total_personales, atraso_personales, mes_cierre) VALUES ('APE00021', 'A0000009', '1600', '50', '2023-02-28');
INSERT INTO p_personales (id_personales, id_cuenta_A, total_personales, atraso_personales, mes_cierre) VALUES ('APE00022', 'A0000011', '1000', '0', '2023-02-28');
INSERT INTO p_personales (id_personales, id_cuenta_A, total_personales, atraso_personales, mes_cierre) VALUES ('APE00023', 'A0000012', '1900', '40', '2023-02-28');
